MaKhoa,TenKhoa,TruongKhoa,MoTa
CNTT,"Khoa Công nghệ Thông tin","PGS.TS. Nguyễn Văn Hùng","Khoa đào tạo CNTT, CNPM, HTTT, KHMT, ATTT, MMT"
QTKD,"Khoa Quản trị Kinh doanh","PGS.TS. Trần Đình Nam","Khoa Quản trị kinh doanh và Marketing"
TP,"Khoa Công nghệ Thực phẩm","GS.TS. Lê Thị Mai","Khoa Công nghệ thực phẩm và Dinh dưỡng"
DDT,"Khoa Điện - Điện tử","PGS.TS. Vũ Trọng Hưng","Khoa Kỹ thuật Điện, Điện tử viễn thông, Tự động hóa"
CK,"Khoa Cơ khí - Chế tạo máy","PGS.TS. Đặng Quốc Thịnh","Khoa Cơ khí động lực, Cơ điện tử, Chế tạo máy"
NN,"Khoa Ngoại ngữ","TS. Phạm Thị Bích Loan","Khoa Ngôn ngữ Anh, Tiếng Trung, Tiếng Nhật"
KTTC,"Khoa Kế toán - Tài chính","PGS.TS. Ngô Xuân Hiếu","Khoa Kế toán doanh nghiệp, Kiểm toán và Tài chính"
LUAT,"Khoa Luật","TS. Phan Văn Phúc","Khoa Luật kinh tế và Luật thương mại quốc tế"
SH,"Khoa Công nghệ Sinh học","PGS.TS. Đỗ Hoài Nam","Khoa Sinh học ứng dụng và Kỹ thuật y sinh"
HH,"Khoa Hóa học & Công nghệ Hóa","TS. Dương Văn Cường","Khoa Công nghệ kỹ thuật Hóa học và Vật liệu polyme"
DL,"Khoa Du lịch & Khách sạn","TS. Hoàng Yến Linh","Khoa Quản trị dịch vụ du lịch, Lữ hành và Khách sạn"
MT,"Khoa Môi trường & Tài nguyên","TS. Bùi Mai Hoa","Khoa Khoa học Môi trường và Quản lý tài nguyên"
TOAN,"Khoa Toán - Thống kê","TS. Lê Hải Đăng","Khoa Toán ứng dụng, Khoa học dữ liệu"
KTS,"Khoa Kiến trúc - Mỹ thuật","TS. Phạm Minh Tuấn","Khoa Kiến trúc công trình và Thiết kế đồ họa"
XD,"Khoa Kỹ thuật Xây dựng","TS. Nguyễn Hoàng Long","Khoa Xây dựng dân dụng và Công trình giao thông"
TMDT,"Khoa Thương mại Điện tử","TS. Võ Duy Hùng","Khoa Kinh tế số và Thương mại điện tử"
TC,"Khoa Tài chính - Ngân hàng","PGS.TS. Nguyễn Hồng Phong","Khoa Thị trường vốn, Chứng khoán và Fintech"
TT,"Khoa Truyền thông & Quan hệ công chúng","TS. Lương Thu Thảo","Khoa Quan hệ công chúng và Báo chí truyền thông"
LOG,"Khoa Logistics & Chuỗi cung ứng","PGS.TS. Mai Thế Vinh","Khoa Logistics và Quản trị chuỗi cung ứng toàn cầu"
ATTT,"Khoa An toàn Thông tin & Mạng","TS. Trịnh Văn Thành","Khoa An toàn an ninh mạng và Mật mã học"
