MaBoMon,TenBoMon,MaKhoa,TruongBoMon
CNPM,"Bộ môn Công nghệ Phần mềm",CNTT,"TS. Trần Anh Dũng"
HTTT,"Bộ môn Hệ thống Thông tin",CNTT,"TS. Phạm Minh Tuấn"
ATTT,"Bộ môn An toàn Thông tin",CNTT,"TS. Trịnh Văn Thành"
MMT,"Bộ môn Mạng máy tính & Viễn thông",CNTT,"TS. Lê Hải Đăng"
KHMT,"Bộ môn Khoa học Máy tính",CNTT,"PGS.TS. Võ Quốc Phong"
KHDL,"Bộ môn Khoa học Dữ liệu & AI",CNTT,"TS. Đỗ Anh Minh"
QTKD_DN,"Bộ môn Quản trị Doanh nghiệp",QTKD,"TS. Bùi Thu Hà"
MKT,"Bộ môn Marketing & Bán hàng",QTKD,"TS. Nguyễn Văn An"
CBTP,"Bộ môn Chế biến Thực phẩm",TP,"PGS.TS. Đỗ Hoài Nam"
DBTP,"Bộ môn Đảm bảo Chất lượng & ATTP",TP,"TS. Trương Tuyết Mai"
KTD,"Bộ môn Kỹ thuật Điện & Năng lượng",DDT,"TS. Vũ Anh Quân"
DT,"Bộ môn Điện tử & Điều khiển Tự động",DDT,"TS. Hồ Vĩnh Thắng"
CTM,"Bộ môn Chế tạo máy",CK,"TS. Phan Trọng Nghĩa"
CDT,"Bộ môn Cơ điện tử & Robot",CK,"TS. Chu Văn Quân"
TA_CN,"Bộ môn Tiếng Anh Chuyên ngành",NN,"ThS. Trần Thị Bích"
TA_CB,"Bộ môn Tiếng Anh Cơ bản",NN,"ThS. Hoàng Thị Em"
KT,"Bộ môn Kế toán Doanh nghiệp",KTTC,"TS. Đinh Hoàng Xuân"
TC,"Bộ môn Tài chính & Thuế",KTTC,"TS. Cao Thái Vinh"
LKTE,"Bộ môn Luật Kinh tế",LUAT,"TS. Phan Văn Phúc"
SHUD,"Bộ môn Công nghệ Sinh học Ứng dụng",SH,"PGS.TS. Đỗ Hoài Nam"
QTDL,"Bộ môn Quản trị Du lịch & Lữ hành",DL,"TS. Hoàng Yến Linh"
QTKS,"Bộ môn Quản trị Khách sạn & Nhà hàng",DL,"ThS. Mai Tuyết Nga"
KHMT_MT,"Bộ môn Khoa học Môi trường",MT,"TS. Bùi Mai Hoa"
TMDT_SO,"Bộ môn Kinh tế số & E-Commerce",TMDT,"TS. Võ Duy Hùng"
LOG_CCU,"Bộ môn Quản trị Chuỗi cung ứng",LOG,"PGS.TS. Mai Thế Vinh"
