MaNganh,TenNganh,MaKhoa
7480201,"Công nghệ Thông tin",CNTT
7480103,"Kỹ thuật Phần mềm",CNTT
7480104,"Hệ thống Thông tin",CNTT
7480202,"An toàn Thông tin",CNTT
7480101,"Khoa học Máy tính",CNTT
7480102,"Mạng máy tính và Truyền thông dữ liệu",CNTT
7460112,"Khoa học Dữ liệu",CNTT
7340101,"Quản trị Kinh doanh",QTKD
7340115,Marketing,QTKD
7540101,"Công nghệ Thực phẩm",TP
7720401,"Dinh dưỡng và Khoa học Thực phẩm",TP
7510301,"Kỹ thuật Điện - Điện tử",DDT
7510303,"Kỹ thuật Điều khiển và Tự động hóa",DDT
7510201,"Công nghệ Kỹ thuật Cơ khí",CK
7510203,"Công nghệ Kỹ thuật Cơ điện tử",CK
7220201,"Ngôn ngữ Anh",NN
7340301,"Kế toán",KTTC
7340201,"Tài chính - Ngân hàng",TC
7380107,"Luật Kinh tế",LUAT
7420201,"Công nghệ Sinh học",SH
7810103,"Quản trị Dịch vụ Du lịch và Lữ hành",DL
7520320,"Kỹ thuật Môi trường",MT
7340122,"Thương mại Điện tử",TMDT
7510605,"Logistics và Quản trị Chuỗi cung ứng",LOG
