MaLop,TenLop,MaNganh,KhoaHoc,MaKhoa
12DHCNTT01,12DHCNTT01,7480201,2021-2025,CNTT
12DHCNTT02,12DHCNTT02,7480201,2021-2025,CNTT
12DHKPM01,12DHKPM01,7480103,2021-2025,CNTT
12DHHTTT01,12DHHTTT01,7480104,2021-2025,CNTT
12DHATTT01,12DHATTT01,7480202,2021-2025,CNTT
12DHKHMT01,12DHKHMT01,7480101,2021-2025,CNTT
12DHQTKD01,12DHQTKD01,7340101,2021-2025,QTKD
12DHMKT01,12DHMKT01,7340115,2021-2025,QTKD
12DHTP01,12DHTP01,7540101,2021-2025,TP
12DHDDT01,12DHDDT01,7510301,2021-2025,DDT
12DHCK01,12DHCK01,7510201,2021-2025,CK
12DHNNA01,12DHNNA01,7220201,2021-2025,NN
12DHKT01,12DHKT01,7340301,2021-2025,KTTC
12DHTC01,12DHTC01,7340201,2021-2025,TC
12DHLKT01,12DHLKT01,7380107,2021-2025,LUAT
12DHCNSH01,12DHCNSH01,7420201,2021-2025,SH
12DHDL01,12DHDL01,7810103,2021-2025,DL
12DHMT01,12DHMT01,7520320,2021-2025,MT
12DHTMDT01,12DHTMDT01,7340122,2021-2025,TMDT
12DHLOG01,12DHLOG01,7510605,2021-2025,LOG
