MaGV,HoTen,Email,SoDienThoai,NgaySinh,GioiTinh,HocHam,HocVi,MaBoMon,TrangThai
GV00000001,"PGS.TS. Nguyễn Văn Hùng",hungnv@huit.edu.vn,0903123001,1975-04-12,Nam,"Phó Giáo sư","Tiến sĩ",KHMT,"Đang công tác"
GV00000002,"TS. Trần Anh Dũng",dungta@huit.edu.vn,0903123002,1979-08-20,Nam,,"Tiến sĩ",CNPM,"Đang công tác"
GV00000003,"TS. Phạm Minh Tuấn",tuanpm@huit.edu.vn,0903123003,1982-11-15,Nam,,"Tiến sĩ",HTTT,"Đang công tác"
GV00000004,"TS. Trịnh Văn Thành",thanhtv@huit.edu.vn,0903123004,1980-02-18,Nam,,"Tiến sĩ",ATTT,"Đang công tác"
GV00000005,"TS. Lê Hải Đăng",danglh@huit.edu.vn,0903123005,1984-06-25,Nam,,"Tiến sĩ",MMT,"Đang công tác"
GV00000006,"PGS.TS. Võ Quốc Phong",phongvq@huit.edu.vn,0903123006,1976-09-30,Nam,"Phó Giáo sư","Tiến sĩ",KHMT,"Đang công tác"
GV00000007,"TS. Đỗ Anh Minh",minhda@huit.edu.vn,0903123007,1985-03-14,Nam,,"Tiến sĩ",KHDL,"Đang công tác"
GV00000008,"PGS.TS. Trần Đình Nam",namtd@huit.edu.vn,0903123008,1974-12-05,Nam,"Phó Giáo sư","Tiến sĩ",QTKD_DN,"Đang công tác"
GV00000009,"GS.TS. Lê Thị Mai",mailt@huit.edu.vn,0903123009,1970-07-22,Nữ,"Giáo sư","Tiến sĩ",CBTP,"Đang công tác"
GV00000010,"PGS.TS. Vũ Trọng Hưng",hungvt@huit.edu.vn,0903123010,1973-05-19,Nam,"Phó Giáo sư","Tiến sĩ",KTD,"Đang công tác"
GV00000011,"TS. Bùi Thu Hà",habth@huit.edu.vn,0903123011,1983-10-10,Nữ,,"Tiến sĩ",QTKD_DN,"Đang công tác"
GV00000012,"TS. Nguyễn Văn An",annv@huit.edu.vn,0903123012,1981-01-28,Nam,,"Tiến sĩ",MKT,"Đang công tác"
GV00000013,"PGS.TS. Đỗ Hoài Nam",namdh@huit.edu.vn,0903123013,1977-03-08,Nam,"Phó Giáo sư","Tiến sĩ",CBTP,"Đang công tác"
GV00000014,"TS. Trương Tuyết Mai",maitt@huit.edu.vn,0903123014,1986-09-17,Nữ,,"Tiến sĩ",DBTP,"Đang công tác"
GV00000015,"TS. Vũ Anh Quân",quanva@huit.edu.vn,0903123015,1982-04-03,Nam,,"Tiến sĩ",KTD,"Đang công tác"
GV00000016,"TS. Hồ Vĩnh Thắng",thanghv@huit.edu.vn,0903123016,1980-11-29,Nam,,"Tiến sĩ",DT,"Đang công tác"
GV00000017,"PGS.TS. Đặng Quốc Thịnh",thinhdq@huit.edu.vn,0903123017,1972-08-16,Nam,"Phó Giáo sư","Tiến sĩ",CTM,"Đang công tác"
GV00000018,"TS. Phan Trọng Nghĩa",nghiapt@huit.edu.vn,0903123018,1983-02-11,Nam,,"Tiến sĩ",CTM,"Đang công tác"
GV00000019,"TS. Chu Văn Quân",quancv@huit.edu.vn,0903123019,1981-12-24,Nam,,"Tiến sĩ",CDT,"Đang công tác"
GV00000020,"TS. Phạm Thị Bích Loan",loanptb@huit.edu.vn,0903123020,1978-06-30,Nữ,,"Tiến sĩ",TA_CN,"Đang công tác"
GV00000021,"ThS. Đặng Hải Giang",giangdh@huit.edu.vn,0903123021,1988-05-14,Nam,,"Thạc sĩ",CNPM,"Đang công tác"
GV00000022,"ThS. Trần Thị Bích",bichtb@huit.edu.vn,0903123022,1989-09-02,Nữ,,"Thạc sĩ",HTTT,"Đang công tác"
GV00000023,"TS. Lê Hoàng Cường",cuonglh@huit.edu.vn,0903123023,1984-12-18,Nam,,"Tiến sĩ",CNPM,"Đang công tác"
GV00000024,"ThS. Ngô Đức Hải",haind@huit.edu.vn,0903123024,1990-07-07,Nam,,"Thạc sĩ",ATTT,"Đang công tác"
GV00000025,"TS. Dương Thúy Hằng",hangdt@huit.edu.vn,0903123025,1983-04-26,Nữ,,"Tiến sĩ",KHDL,"Đang công tác"
GV00000026,"ThS. Lý Thanh Lan",lanlt@huit.edu.vn,0903123026,1991-02-14,Nữ,,"Thạc sĩ",MMT,"Đang công tác"
GV00000027,"TS. Trịnh Văn Khang",khangtv@huit.edu.vn,0903123027,1982-08-09,Nam,,"Tiến sĩ",KHMT,"Đang công tác"
GV00000028,"ThS. Mai Tuyết Nga",ngamt@huit.edu.vn,0903123028,1987-11-21,Nữ,,"Thạc sĩ",CNPM,"Đang công tác"
GV00000029,"TS. Võ Đình Phúc",phucvd@huit.edu.vn,0903123029,1980-03-31,Nam,,"Tiến sĩ",HTTT,"Đang công tác"
GV00000030,"ThS. Hoàng Thị Em",emht@huit.edu.vn,0903123030,1992-01-19,Nữ,,"Thạc sĩ",CNPM,"Đang công tác"
GV00000031,"TS. Đinh Hoàng Xuân",xuandh@huit.edu.vn,0903123031,1985-06-12,Nữ,,"Tiến sĩ",KT,"Đang công tác"
GV00000032,"TS. Cao Thái Vinh",vinhct@huit.edu.vn,0903123032,1984-10-05,Nam,,"Tiến sĩ",TC,"Đang công tác"
GV00000033,"TS. Phan Văn Phúc",phucpv@huit.edu.vn,0903123033,1979-05-23,Nam,,"Tiến sĩ",LKTE,"Đang công tác"
GV00000034,"TS. Hoàng Yến Linh",linhhy@huit.edu.vn,0903123034,1986-07-15,Nữ,,"Tiến sĩ",QTDL,"Đang công tác"
GV00000035,"TS. Bùi Mai Hoa",hoabm@huit.edu.vn,0903123035,1981-09-09,Nữ,,"Tiến sĩ",KHMT_MT,"Đang công tác"
GV00000036,"TS. Võ Duy Hùng",hungvd@huit.edu.vn,0903123036,1983-02-27,Nam,,"Tiến sĩ",TMDT_SO,"Đang công tác"
GV00000037,"PGS.TS. Mai Thế Vinh",vinhtm@huit.edu.vn,0903123037,1975-11-11,Nam,"Phó Giáo sư","Tiến sĩ",LOG_CCU,"Đang công tác"
GV00000038,"ThS. Nguyễn Hoàng Anh",anhnh@huit.edu.vn,0903123038,1989-08-18,Nam,,"Thạc sĩ",CNPM,"Đang công tác"
GV00000039,"ThS. Lê Phương Thảo",thaolp@huit.edu.vn,0903123039,1990-12-03,Nữ,,"Thạc sĩ",HTTT,"Đang công tác"
GV00000040,"TS. Vũ Đình Khôi",khoivd@huit.edu.vn,0903123040,1984-04-17,Nam,,"Tiến sĩ",ATTT,"Đang công tác"
GV00000041,"ThS. Huỳnh Quốc Bảo",baohq@huit.edu.vn,0903123041,1991-03-25,Nam,,"Thạc sĩ",MMT,"Đang công tác"
GV00000042,"TS. Tôn Nữ Quỳnh Như",nhutnq@huit.edu.vn,0903123042,1987-10-30,Nữ,,"Tiến sĩ",KHDL,"Đang công tác"
GV00000043,"ThS. Cù Huy Sơn",sonch@huit.edu.vn,0903123043,1988-06-19,Nam,,"Thạc sĩ",KHMT,"Đang công tác"
GV00000044,"TS. Thạch Văn Tài",taitv@huit.edu.vn,0903123044,1983-01-08,Nam,,"Tiến sĩ",CNPM,"Đang công tác"
GV00000045,"ThS. Uông Thị Uyên",uyenut@huit.edu.vn,0903123045,1992-09-14,Nữ,,"Thạc sĩ",HTTT,"Đang công tác"
GV00000046,"TS. Phí Văn Việt",vietpv@huit.edu.vn,0903123046,1985-05-22,Nam,,"Tiến sĩ",ATTT,"Đang công tác"
GV00000047,"ThS. Mạc Thị Xuyến",xuyenmt@huit.edu.vn,0903123047,1990-08-04,Nữ,,"Thạc sĩ",CBTP,"Đang công tác"
GV00000048,"TS. La Quốc Ý",ylq@huit.edu.vn,0903123048,1982-12-16,Nam,,"Tiến sĩ",KTD,"Đang công tác"
GV00000049,"ThS. Sầm Ngọc Anh",anhsn@huit.edu.vn,0903123049,1993-04-11,Nữ,,"Thạc sĩ",TA_CN,"Đang công tác"
