MSSV,HoTen,Email,SoDienThoai,NgaySinh,GioiTinh,MaLop,KhoaHoc,SoTinChiTichLuy,DiemTichLuy,TrangThai
2001210001,"Nguyễn Hoàng Long",2001210001@st.huit.edu.vn,0978001001,2003-05-12,Nam,12DHCNTT01,2021-2025,128,3.45,"Đang học"
2001210002,"Trần Minh Quân",2001210002@st.huit.edu.vn,0978001002,2003-08-20,Nam,12DHCNTT01,2021-2025,125,3.2,"Đang học"
2001210003,"Lê Phương Anh",2001210003@st.huit.edu.vn,0978001003,2003-11-15,Nữ,12DHCNTT01,2021-2025,130,3.65,"Đang học"
2001210004,"Phạm Đức Duy",2001210004@st.huit.edu.vn,0978001004,2003-02-18,Nam,12DHCNTT02,2021-2025,122,3.1,"Đang học"
2001210005,"Hoàng Thùy Linh",2001210005@st.huit.edu.vn,0978001005,2003-06-25,Nữ,12DHCNTT02,2021-2025,129,3.52,"Đang học"
2001210006,"Huỳnh Quốc Huy",2001210006@st.huit.edu.vn,0978001006,2003-09-30,Nam,12DHKPM01,2021-2025,132,3.7,"Đang học"
2001210007,"Võ Thị Kim Ngân",2001210007@st.huit.edu.vn,0978001007,2003-03-14,Nữ,12DHKPM01,2021-2025,124,3.15,"Đang học"
2001210008,"Đặng Thành Nam",2001210008@st.huit.edu.vn,0978001008,2003-12-05,Nam,12DHHTTT01,2021-2025,126,3.28,"Đang học"
2001210009,"Bùi Thị Thanh Hằng",2001210009@st.huit.edu.vn,0978001009,2003-07-22,Nữ,12DHHTTT01,2021-2025,131,3.6,"Đang học"
2001210010,"Đỗ Trọng Hiếu",2001210010@st.huit.edu.vn,0978001010,2003-05-19,Nam,12DHATTT01,2021-2025,127,3.35,"Đang học"
2001210011,"Hồ Diệu Linh",2001210011@st.huit.edu.vn,0978001011,2003-10-10,Nữ,12DHATTT01,2021-2025,125,3.22,"Đang học"
2001210012,"Ngô Văn Tuấn",2001210012@st.huit.edu.vn,0978001012,2003-01-28,Nam,12DHKHMT01,2021-2025,135,3.85,"Đang học"
2001210013,"Dương Bảo Ngọc",2001210013@st.huit.edu.vn,0978001013,2003-03-08,Nữ,12DHKHMT01,2021-2025,130,3.58,"Đang học"
2001210014,"Lý Gia Kiệt",2001210014@st.huit.edu.vn,0978001014,2003-09-17,Nam,12DHQTKD01,2021-2025,121,3.05,"Đang học"
2001210015,"Mai Thảo My",2001210015@st.huit.edu.vn,0978001015,2003-04-03,Nữ,12DHQTKD01,2021-2025,128,3.42,"Đang học"
2001210016,"Trịnh Quốc Khánh",2001210016@st.huit.edu.vn,0978001016,2003-11-29,Nam,12DHMKT01,2021-2025,124,3.18,"Đang học"
2001210017,"Phan Thu Trang",2001210017@st.huit.edu.vn,0978001017,2003-08-16,Nữ,12DHMKT01,2021-2025,129,3.5,"Đang học"
2001210018,"Chu Minh Trí",2001210018@st.huit.edu.vn,0978001018,2003-02-11,Nam,12DHTP01,2021-2025,126,3.3,"Đang học"
2001210019,"Lương Bích Phượng",2001210019@st.huit.edu.vn,0978001019,2003-12-24,Nữ,12DHTP01,2021-2025,132,3.68,"Đang học"
2001210020,"Tạ Hữu Đạt",2001210020@st.huit.edu.vn,0978001020,2003-06-30,Nam,12DHDDT01,2021-2025,123,3.12,"Đang học"
2001210021,"Vũ Mỹ Duyên",2001210021@st.huit.edu.vn,0978001021,2003-05-14,Nữ,12DHDDT01,2021-2025,127,3.38,"Đang học"
2001210022,"Cao Đình Phúc",2001210022@st.huit.edu.vn,0978001022,2003-09-02,Nam,12DHCK01,2021-2025,125,3.25,"Đang học"
2001210023,"Lâm Ngọc Bích",2001210023@st.huit.edu.vn,0978001023,2003-12-18,Nữ,12DHCK01,2021-2025,130,3.55,"Đang học"
2001210024,"Đinh Tiến Dũng",2001210024@st.huit.edu.vn,0978001024,2003-07-07,Nam,12DHNNA01,2021-2025,128,3.48,"Đang học"
2001210025,"Quách Ánh Tuyết",2001210025@st.huit.edu.vn,0978001025,2003-04-26,Nữ,12DHNNA01,2021-2025,134,3.75,"Đang học"
2001210026,"Ân Hoàng Phúc",2001210026@st.huit.edu.vn,0978001026,2003-02-14,Nam,12DHKT01,2021-2025,122,3.1,"Đang học"
2001210027,"Phùng Mai Chi",2001210027@st.huit.edu.vn,0978001027,2003-08-09,Nữ,12DHKT01,2021-2025,129,3.51,"Đang học"
2001210028,"Diệp Văn Hùng",2001210028@st.huit.edu.vn,0978001028,2003-11-21,Nam,12DHTC01,2021-2025,126,3.32,"Đang học"
2001210029,"Trang Kiều Oanh",2001210029@st.huit.edu.vn,0978001029,2003-03-31,Nữ,12DHTC01,2021-2025,131,3.62,"Đang học"
2001210030,"Lưu Quang Khải",2001210030@st.huit.edu.vn,0978001030,2003-01-19,Nam,12DHLKT01,2021-2025,125,3.2,"Đang học"
2001210031,"Kiều Thanh Tâm",2001210031@st.huit.edu.vn,0978001031,2003-06-12,Nữ,12DHLKT01,2021-2025,133,3.72,"Đang học"
2001210032,"Nghiêm Bá Thông",2001210032@st.huit.edu.vn,0978001032,2003-10-05,Nam,12DHCNSH01,2021-2025,124,3.15,"Đang học"
2001210033,"Bạch Hoài An",2001210033@st.huit.edu.vn,0978001033,2003-05-23,Nữ,12DHCNSH01,2021-2025,128,3.44,"Đang học"
2001210034,"Triệu Công Hậu",2001210034@st.huit.edu.vn,0978001034,2003-07-15,Nam,12DHDL01,2021-2025,123,3.14,"Đang học"
2001210035,"Doãn Cẩm Tú",2001210035@st.huit.edu.vn,0978001035,2003-09-09,Nữ,12DHDL01,2021-2025,130,3.56,"Đang học"
2001210036,"Vi Nhật Minh",2001210036@st.huit.edu.vn,0978001036,2003-02-27,Nam,12DHMT01,2021-2025,126,3.28,"Đang học"
2001210037,"Khổng Ngọc Trâm",2001210037@st.huit.edu.vn,0978001037,2003-11-11,Nữ,12DHMT01,2021-2025,127,3.36,"Đang học"
2001210038,"Thái Tấn Phát",2001210038@st.huit.edu.vn,0978001038,2003-08-18,Nam,12DHTMDT01,2021-2025,132,3.66,"Đang học"
2001210039,"Tôn Nữ Diễm My",2001210039@st.huit.edu.vn,0978001039,2003-12-03,Nữ,12DHTMDT01,2021-2025,135,3.82,"Đang học"
2001210040,"Hứa Tấn Lộc",2001210040@st.huit.edu.vn,0978001040,2003-04-17,Nam,12DHLOG01,2021-2025,125,3.22,"Đang học"
2001210041,"La Thị Ngọc Giàu",2001210041@st.huit.edu.vn,0978001041,2003-03-25,Nữ,12DHLOG01,2021-2025,129,3.49,"Đang học"
2001210042,"Nông Đức Mạnh",2001210042@st.huit.edu.vn,0978001042,2003-10-30,Nam,12DHCNTT01,2021-2025,127,3.34,"Đang học"
2001210043,"Lục Hải Yến",2001210043@st.huit.edu.vn,0978001043,2003-06-19,Nữ,12DHKPM01,2021-2025,131,3.63,"Đang học"
2001210044,"Châu Gia Hưng",2001210044@st.huit.edu.vn,0978001044,2003-01-08,Nam,12DHHTTT01,2021-2025,124,3.17,"Đang học"
2001210045,"Mạc Quỳnh Giao",2001210045@st.huit.edu.vn,0978001045,2003-09-14,Nữ,12DHATTT01,2021-2025,130,3.54,"Đang học"
2001210046,"Phí Trọng Nhân",2001210046@st.huit.edu.vn,0978001046,2003-05-22,Nam,12DHKHMT01,2021-2025,136,3.88,"Đang học"
2001210047,"Uông Bích Ngọc",2001210047@st.huit.edu.vn,0978001047,2003-08-04,Nữ,12DHQTKD01,2021-2025,126,3.3,"Đang học"
2001210048,"Thạch Gia Bảo",2001210048@st.huit.edu.vn,0978001048,2003-12-16,Nam,12DHTP01,2021-2025,125,3.21,"Đang học"
2001210049,"Cù Hoàng Yến",2001210049@st.huit.edu.vn,0978001049,2003-04-11,Nữ,12DHDDT01,2021-2025,128,3.46,"Đang học"
2001210050,"Sầm Văn Quyết",2001210050@st.huit.edu.vn,0978001050,2003-07-29,Nam,12DHCK01,2021-2025,123,3.11,"Đang học"
