MaCanBo,TenDangNhap,HoTen,Email,SoDienThoai,MaVaiTro,MaKhoa,MaBoMon,MatKhau
GV001,TK_CNTT_GV001,"PGS.TS. Nguyễn Văn Hùng",hungnv@huit.edu.vn,0903123001,VT05,CNTT,,123456
GV002,TBM_CNTT_CNPM_GV002,"TS. Trần Anh Dũng",dungta@huit.edu.vn,0903123002,VT04,CNTT,CNPM,123456
GV003,TBM_CNTT_HTTT_GV003,"TS. Phạm Minh Tuấn",tuanpm@huit.edu.vn,0903123003,VT04,CNTT,HTTT,123456
GV004,TBM_CNTT_ATTT_GV004,"TS. Trịnh Văn Thành",thanhtv@huit.edu.vn,0903123004,VT04,CNTT,ATTT,123456
GV005,TBM_CNTT_MMT_GV005,"TS. Lê Hải Đăng",danglh@huit.edu.vn,0903123005,VT04,CNTT,MMT,123456
GV006,TBM_CNTT_KHMT_GV006,"PGS.TS. Võ Quốc Phong",phongvq@huit.edu.vn,0903123006,VT04,CNTT,KHMT,123456
GV007,TBM_CNTT_KHDL_GV007,"TS. Đỗ Anh Minh",minhda@huit.edu.vn,0903123007,VT04,CNTT,KHDL,123456
GV008,TK_QTKD_GV008,"PGS.TS. Trần Đình Nam",namtd@huit.edu.vn,0903123008,VT05,QTKD,,123456
GV011,TBM_QTKD_QTKD_DN_GV011,"TS. Bùi Thu Hà",habth@huit.edu.vn,0903123011,VT04,QTKD,QTKD_DN,123456
GV012,TBM_QTKD_MKT_GV012,"TS. Nguyễn Văn An",annv@huit.edu.vn,0903123012,VT04,QTKD,MKT,123456
GV009,TK_TP_GV009,"GS.TS. Lê Thị Mai",mailt@huit.edu.vn,0903123009,VT05,TP,,123456
GV013,TBM_TP_CBTP_GV013,"PGS.TS. Đỗ Hoài Nam",namdh@huit.edu.vn,0903123013,VT04,TP,CBTP,123456
GV014,TBM_TP_DBTP_GV014,"TS. Trương Tuyết Mai",maitt@huit.edu.vn,0903123014,VT04,TP,DBTP,123456
GV010,TK_DDT_GV010,"PGS.TS. Vũ Trọng Hưng",hungvt@huit.edu.vn,0903123010,VT05,DDT,,123456
GV015,TBM_DDT_KTD_GV015,"TS. Vũ Anh Quân",quanva@huit.edu.vn,0903123015,VT04,DDT,KTD,123456
GV016,TBM_DDT_DT_GV016,"TS. Hồ Vĩnh Thắng",thanghv@huit.edu.vn,0903123016,VT04,DDT,DT,123456
GV017,TK_CK_GV017,"PGS.TS. Đặng Quốc Thịnh",thinhdq@huit.edu.vn,0903123017,VT05,CK,,123456
GV018,TBM_CK_CTM_GV018,"TS. Phan Trọng Nghĩa",nghiapt@huit.edu.vn,0903123018,VT04,CK,CTM,123456
GV019,TBM_CK_CDT_GV019,"TS. Chu Văn Quân",quancv@huit.edu.vn,0903123019,VT04,CK,CDT,123456
GV020,TK_NN_GV020,"TS. Phạm Thị Bích Loan",loanptb@huit.edu.vn,0903123020,VT05,NN,,123456
